0	1
1	2
2	2
3	2
4	1
5	3
6	2
7	2
8	1
9	2
15	2
16	1
17	2
18	2
19	2
20	2
21	2
22	1
23	2
24	2
25	2
26	1
27	3
28	2
35	3
36	3
37	3
38	3
47	3
48	3
49	3
50	3
51	3
53	2
54	2
58	2
59	2
60	2
61	2
62	2
63	2
64	2
65	2
66	2
67	2
68	2
69	2
70	2
71	2
72	2
73	2
74	2
75	2
76	2
77	2
78	2
79	2
80	2
81	2
82	2
83	2
84	3
85	2
86	2
87	2
88	2
89	2
90	2
91	2
92	2
93	2
94	2
95	2
96	2
97	2
99	3
100	2
101	2
102	2
103	2
104	2
105	2
106	2
107	2
108	2
109	2
110	2
111	2
112	2
113	2
114	3
115	2
116	2
117	2
118	5
119	2
120	2
121	2
122	2
123	2
124	2
125	2
126	2
127	2
128	2
129	2
130	2
131	2
132	2
133	2
134	2
135	2
136	2
137	2
138	2
139	2
140	2
141	2
142	2
143	2
144	2
145	2
146	2
147	2
148	2
149	2
150	2
151	2
152	2
153	2
154	2
157	60
158	14
159	8
160	2
161	2
162	2
163	2
164	2
165	2
166	2
167	2
168	2
169	2
170	2
171	2
172	2
173	2
174	2
175	2
176	2
178	1
179	1
180	1
181	1
182	1
183	1
184	2
185	2
186	2
187	2
188	2
189	2
190	2
191	2
192	2
193	2
194	2
195	2
196	2
197	2
198	2
199	2
200	1
201	1
202	1
203	1
204	1
205	1
206	2
207	2
208	2
209	2
210	2
211	2
212	2
213	2
214	2
215	2
216	2
217	2
218	2
219	2
220	2
221	2
222	2
223	2
224	1
225	1
226	1
227	1
228	1
229	1
230	2
231	2
232	2
233	2
234	2
235	1
236	1
237	1
238	1
239	1
240	2
241	2
242	2
243	2
244	2
245	2
246	2
247	2
248	2
249	2
250	2
251	2
252	2
253	2
254	2
255	2
256	2
257	2
258	2
259	2
260	2
261	2
262	2
263	2
264	2
265	2
266	2
267	2
268	2
269	2
270	2
271	2
272	2
273	3
274	2
275	2
276	2
277	2
278	2
279	2
280	2
281	2
282	2
283	2
284	2
285	2
286	1
287	1
288	1
289	1
290	1
291	1
292	2
293	2
294	2
295	2
296	2
297	2
298	2
299	2
300	2
301	2
302	2
303	2
304	2
305	2
306	2
307	2
308	2
309	2
310	1
311	1
312	1
313	1
314	1
315	1
316	2
317	2
318	2
319	2
320	2
321	2
322	2
323	2
324	2
325	2
326	2
327	2
328	2
329	2
330	2
331	2
332	2
333	2
334	1
335	1
336	1
337	1
338	1
339	1
340	1
341	1
342	1
343	1
344	1
345	1
346	1
347	1
348	1
349	1
350	1
351	1
352	1
353	1
354	1
355	1
356	1
357	1
358	1
359	1
360	1
361	1
362	1
363	1
364	1
365	1
366	1
367	1
368	1
369	1
370	1
371	1
372	1
373	1
374	1
375	1
376	1
377	1
378	1
379	1
380	1
381	1
382	1
383	1
384	1
385	1
386	1
387	1
388	1
389	1
390	1
391	1
392	1
393	1
394	1
395	1
396	1
397	1
398	1
399	1
400	1
401	1
402	1
403	1
404	1
405	1
406	1
407	1
408	1
409	1
410	1
411	1
412	2
413	2
414	2
415	2
416	2
417	2
418	2
419	2
420	2
421	2
422	2
423	2
424	2
425	2
426	2
427	2
428	2
429	2
430	1
431	1
432	1
433	1
435	1
436	1
437	1
438	1
439	1
440	1
441	1
442	1
443	1
444	1
445	1
446	1
447	1
448	1
449	1
450	1
451	1
452	1
453	1
454	3
455	1
456	1
457	1
458	1
459	1
460	1
461	2
462	2
463	2
464	2
465	2
466	2
467	2
468	2
469	2
470	2
471	2
472	2
473	2
474	2
475	2
476	2
477	2
478	2
479	1
480	1
481	1
482	1
483	1
484	1
485	1
486	1
487	1
488	1
489	1
490	1
491	1
492	1
493	1
494	1
495	1
496	1
497	1
498	1
499	1
500	1
501	1
502	1
503	1
504	1
505	1
506	1
507	1
508	1
509	2
510	2
511	2
512	2
513	2
514	2
515	2
516	2
517	2
518	2
519	2
520	2
521	2
522	2
523	2
524	2
525	2
526	2
527	1
528	1
529	1
530	1
531	1
532	1
533	1
534	1
535	1
536	1
537	1
538	1
539	1
540	1
541	1
542	1
543	1
544	1
545	1
546	1
547	1
548	1
549	1
550	1
551	1
552	1
553	1
554	1
555	1
556	1
557	2
558	2
559	2
560	2
561	2
562	2
563	2
564	2
565	2
566	2
567	2
568	2
569	2
570	2
571	2
572	2
573	2
574	2
575	1
576	1
577	1
578	1
579	1
580	1
581	2
582	2
583	2
584	2
585	2
586	2
587	2
588	2
589	2
590	2
591	2
592	2
593	2
594	2
595	2
596	2
597	2
598	2
599	1
600	1
601	1
602	1
603	1
604	1
605	2
606	2
607	2
608	2
609	2
610	2
611	2
612	2
613	2
614	2
615	2
616	2
617	1
618	1
619	1
620	1
621	1
622	1
623	2
624	2
625	2
626	2
627	2
628	2
629	2
630	2
631	2
632	2
633	2
634	2
635	2
636	2
637	2
638	2
639	2
640	2
641	1
642	1
643	1
644	1
645	1
646	1
647	2
648	2
649	2
650	2
651	2
652	2
653	2
654	2
655	2
656	2
657	2
658	2
659	2
660	2
661	2
662	2
663	2
664	2
665	1
667	1
668	1
669	1
670	1
671	1
672	2
673	2
674	2
675	2
676	2
677	2
678	2
679	2
680	2
681	2
682	2
683	2
684	2
685	2
686	2
687	2
688	2
689	2
690	1
691	1
692	1
693	1
694	1
695	1
696	2
697	2
698	2
699	2
700	2
701	2
702	2
703	2
704	2
705	2
706	2
707	2
708	2
709	2
710	2
711	2
712	2
713	2
714	1
715	1
716	1
717	1
718	1
719	1
720	2
721	2
722	2
723	2
724	2
725	2
726	2
727	2
728	2
729	2
730	2
731	2
732	2
733	2
734	2
735	2
736	2
737	2
738	1
739	1
740	1
741	1
742	1
743	1
744	2
745	2
746	2
747	2
748	2
749	2
750	2
751	2
752	2
753	2
754	2
755	2
756	2
757	2
758	2
759	2
760	2
761	2
762	1
763	1
764	1
765	1
766	1
767	1
768	2
769	2
770	2
771	2
772	2
773	2
774	2
775	2
776	2
777	2
778	2
779	2
780	2
781	2
782	2
783	2
784	2
785	2
786	1
787	1
788	1
789	1
790	1
791	1
792	2
793	2
794	2
795	2
796	2
797	2
798	2
799	2
800	2
801	2
802	2
803	2
804	2
805	2
806	2
807	2
808	2
809	2
810	2
811	1
812	1
813	1
814	1
815	1
816	1
817	2
818	2
819	2
820	2
821	2
822	2
824	2
825	2
826	2
827	2
828	2
829	2
830	2
831	2
832	2
833	2
834	2
835	2
836	2
837	1
838	1
839	1
840	1
841	1
842	1
843	2
844	2
845	2
846	2
847	2
848	2
849	2
850	2
851	2
852	2
853	2
854	2
855	2
856	2
857	2
858	2
859	2
860	2
861	2
862	1
863	1
864	1
865	1
866	1
867	1
868	2
869	2
870	2
871	2
872	2
873	2
874	2
875	2
876	2
877	2
878	2
879	2
880	2
881	2
882	2
883	2
884	2
885	2
886	1
887	1
888	1
889	1
890	1
891	1
892	2
893	2
894	2
895	2
896	2
897	2
898	2
899	2
900	2
901	2
902	2
903	2
904	2
905	2
906	2
907	2
908	2
909	2
910	1
911	1
912	1
913	1
914	1
915	1
916	2
917	2
918	2
919	2
920	2
921	2
922	2
923	2
924	2
925	2
926	2
927	2
928	2
929	2
930	2
931	2
932	2
933	2
934	1
935	1
936	1
937	1
938	1
939	1
940	2
941	2
942	2
943	2
944	2
945	2
946	2
947	2
948	2
949	2
950	2
951	2
952	2
953	2
954	2
955	2
956	2
957	2
958	1
959	1
960	1
961	1
962	1
963	1
964	2
965	2
966	2
967	2
968	2
969	2
970	2
971	2
972	2
973	2
974	2
975	2
976	2
977	2
978	2
979	2
980	2
981	2
982	2
983	2
984	2
985	2
986	2
987	2
988	2
989	2
990	2
991	2
992	2
993	2
994	1
995	1
996	1
997	1
998	1
999	1
1000	2
1001	2
1002	2
1003	2
1004	2
1005	2
1006	1
1007	1
1008	1
1009	1
1010	1
1011	1
1012	2
1013	2
1014	2
1015	2
1016	2
1017	2
1018	2
1019	2
1020	2
1021	2
1022	2
1023	2
1024	2
1025	2
1026	2
1027	2
1028	2
1029	2
1030	2
1031	2
1032	2
1033	2
1034	2
1035	2
1036	2
1037	2
1038	2
1039	2
1040	2
1041	2
1042	1
1043	1
1044	1
1045	1
1046	1
1047	1
1048	2
1049	2
1050	2
1051	2
1052	2
1053	2
1054	1
1055	1
1056	1
1057	1
1058	1
1059	1
1060	2
1061	2
1062	2
1063	2
1064	2
1065	2
1066	2
1067	2
1068	2
1069	2
1070	2
1071	2
1072	2
1073	2
1074	2
1075	2
1076	2
1077	2
1078	1
1079	1
1080	1
1081	1
1082	1
1083	1
1084	2
1085	2
1086	2
1087	2
1088	2
1089	2
1090	2
1091	2
1092	2
1093	2
1094	2
1095	2
1096	2
1098	1
1099	1
1100	1
1101	1
1102	1
1104	2
1105	2
1106	2
1107	2
1108	3
1109	2
1110	2
1111	2
1112	2
1113	2
1114	2
1115	2
1116	2
1117	2
1118	2
1119	2
1120	2
1121	1
1122	1
1123	1
1124	1
1125	1
1126	1
1127	2
1128	2
1129	2
1130	2
1131	2
1132	2
1133	2
1134	2
1135	2
1136	2
1137	2
1138	2
1139	2
1140	2
1141	2
1142	2
1143	2
1144	2
1145	1
1146	1
1147	1
1148	1
1149	1
1150	1
1151	2
1152	2
1153	2
1154	2
1155	2
1156	2
1157	2
1158	2
1159	2
1160	2
1161	2
1162	2
1163	2
1164	2
1165	2
1166	2
1167	1
1168	1
1169	1
1170	1
1171	1
1172	4
1173	2
1174	8
1175	3
1176	2
1177	2
1178	2
1179	2
1180	2
1181	2
1182	2
1183	2
1184	2
1185	2
1186	2
1187	2
1188	2
1189	1
1190	1
1191	1
1192	1
1193	1
1194	1
1195	2
1196	3
1197	2
1198	2
1199	2
1200	2
1201	1
1202	1
1203	1
1204	1
1205	1
1206	1
1207	1
1208	1
1209	1
1210	1
1211	1
1212	1
1213	1
1214	1
1215	1
1216	1
1217	1
1218	1
1219	2
1220	2
1221	2
1222	2
1223	2
1224	2
1225	2
1226	2
1227	2
1228	2
1229	2
1230	2
1237	2
1238	2
1239	2
1240	2
1241	2
1242	2
1243	2
1244	2
1245	2
1246	2
1247	2
1248	2
1249	2
1250	2
1251	2
1252	2
1253	2
1254	2
1255	2
1256	2
1257	2
1258	2
1259	2
1260	2
1261	2
1262	2
1263	2
1264	2
1265	2
1266	1
1267	1
1268	1
1269	1
1270	1
1271	1
1272	2
1273	2
1274	2
1275	2
1276	2
1277	2
1278	2
1279	2
1280	2
1281	1
1282	1
1283	1
1284	1
1285	1
1286	1
1287	1
1288	1
1289	1
1290	2
1291	2
1292	2
1293	2
1294	2
1295	2
1296	2
1297	2
1298	2
1299	2
1300	2
1301	2
1302	1
1303	1
1304	1
1305	1
1306	1
1307	1
1308	2
1309	2
1310	2
1311	2
1312	2
1313	2
1314	2
1315	2
1316	2
1317	2
1318	1
1319	1
1320	1
1321	1
1322	1
1323	2
1324	2
1325	2
1326	2
1327	2
1328	2
1329	2
1330	2
1331	2
1332	2
1333	2
1334	2
1335	2
1336	2
1337	2
1339	2
1340	2
1341	2
1342	2
1343	2
1344	1
1345	1
1346	1
1347	1
1348	1
1349	2
1350	2
1351	2
1352	2
1353	2
1354	2
1355	2
1356	2
1357	2
1358	2
1359	2
1360	2
1361	1
1362	1
1363	1
1364	1
1365	1
1366	1
1367	2
1368	2
1369	2
1370	2
1371	2
1372	2
1373	2
1374	2
1375	2
1376	2
1377	2
1378	2
1379	2
1380	2
1381	2
1382	2
1383	2
1384	2
1385	1
1386	1
1387	1
1388	1
1389	1
1390	1
1391	2
1392	2
1393	2
1394	2
1395	2
1396	2
1397	2
1398	2
1399	2
1400	2
1401	2
1402	2
1403	2
1404	2
1405	2
1406	2
1407	2
1408	2
1409	1
1410	1
1411	1
1412	1
1413	1
1414	1
1415	2
1416	2
1417	2
1418	2
1419	2
1420	2
1421	2
1422	2
1423	2
1424	2
1425	2
1426	2
1427	2
1428	2
1429	2
1430	2
1431	2
1432	2
1433	1
1434	1
1435	1
1436	1
1437	1
1438	1
1439	2
1440	2
1441	2
1442	2
1443	2
1444	2
1445	2
1446	2
1447	2
1448	2
1449	2
1450	2
1451	2
1452	2
1453	2
1454	2
1455	2
1456	2
1457	1
1458	1
1459	1
1460	1
1461	1
1462	1
1463	2
1464	2
1465	2
1466	2
1467	2
1468	2
1469	3
1470	3
1471	3
1472	3
1473	3
1474	3
1475	3
1476	3
1477	3
1478	3
1479	3
1480	3
1482	3
1483	3
1484	3
1485	3
1486	3
1487	3
1488	3
1489	3
1490	3
1491	3
1492	3
1493	3
1494	3
1495	3
1496	3
1497	3
1498	3
1499	3
1500	3
1501	3
1502	3
1503	3
1504	3
1505	3
1506	3
1507	3
1508	3
1509	3
1510	3
1511	3
1512	3
1513	3
1514	3
1515	3
1516	3
1517	3
1518	3
1519	3
1520	3
1521	3
1522	3
1523	3
1524	3
1525	3
1526	3
1527	3
1528	3
1529	3
1530	3
1531	3
1532	3
1533	3
1534	3
1535	3
1536	3
1537	3
1538	3
1539	3
1540	3
1541	3
1542	3
1543	3
1544	3
1545	3
1546	3
1547	3
1548	3
1549	3
1550	3
1551	3
1552	3
1553	3
1554	3
1555	3
1556	3
1557	3
1558	3
1559	3
1560	3
1561	3
1562	3
1563	3
1564	3
1565	3
1566	3
1567	3
1568	3
1569	3
1570	3
1571	3
1572	3
1573	3
1574	3
1575	3
1576	3
1577	3
1578	3
1579	3
1580	3
1581	3
1582	3
1583	3
1584	3
1585	3
1586	3
1587	3
1588	3
1589	3
1590	3
1591	3
1592	3
1593	3
1594	3
1595	3
1596	3
1597	3
1598	3
1599	3
1601	3
1602	3
1603	3
1604	3
1605	3
1606	3
1607	3
1608	3
1609	3
1610	3
1611	3
1612	3
1613	3
1614	3
1615	3
1616	3
1617	3
1618	3
1619	3
1620	3
1621	3
1623	3
1624	3
1625	3
1626	3
1627	3
1629	3
1630	3
1631	3
1632	3
1633	3
1634	6
1635	3
1636	3
1637	18
1638	1
1639	1
1640	1
1641	1
1642	1
1643	1
1658	1
1659	1
1660	1
1661	1
1662	1
1663	1
1664	2
1665	2
1666	2
1667	2
1668	2
1669	2
1670	1
1671	1
1672	1
1673	1
1674	1
1675	1
1676	2
1677	2
1678	2
1679	2
1680	2
1681	2
1702	2
1703	2
1704	2
1705	1
1706	1
1707	1
1709	2
1710	2
1711	2
1712	2
1713	2
1714	2
1715	2
1716	2
1717	2
1718	2
1719	2
1720	2
1721	2
1722	2
1723	2
1724	2
1725	2
1726	2
1727	1
1728	1
1729	1
1730	1
1731	1
1732	1
1733	2
1734	2
1735	2
1736	2
1737	2
1738	2
1739	2
1740	2
1741	2
1742	2
1743	2
1744	2
1745	2
1746	2
1747	2
1748	2
1749	2
1750	2
1751	1
1752	1
1753	1
1754	1
1755	1
1756	1
1757	2
1758	2
1759	2
1760	2
1761	2
1762	2
1763	2
1764	2
1765	2
1766	2
1767	2
1768	2
1769	2
1770	2
1771	2
1772	2
1773	2
1774	2
1775	1
1776	1
1777	1
1778	1
1779	1
1780	1
1781	2
1783	6
1784	5
1785	6
1786	5
1787	7
1788	10
1789	7
1790	2
1791	2
1792	2
1793	2
1794	2
1795	2
1796	5
1797	2
1798	2
1799	2
1800	2
1801	2
1802	2
1803	2
1804	2
1805	2
1806	2
1807	2
1808	2
1809	2
1810	2
1811	2
1812	2
1813	2
1814	2
1815	2
1816	2
1817	2
1818	2
1819	2
1820	2
1821	2
1822	2
1823	2
1824	2
1825	2
1826	2
1827	2
1828	2
1829	2
1830	2
1831	2
1839	4
1840	6
1841	4
1842	6
1843	4
1844	8
1845	6
1878	3
1885	2
1888	2
1891	2
1894	2
1897	2
1900	2
1903	2
1906	2
1909	2
1912	2
1915	2
1918	2
1921	3
1924	1
1927	3
1930	1
1933	3
1936	1
1939	3
1942	1
1945	3
1948	1
1951	3
1954	1
1957	2
1960	2
1963	2
1966	2
1969	2
1972	2
1975	2
1978	2
1981	2
1984	2
1987	2
1990	2
1991	4
2017	4
2019	1
2020	1
2023	1
2024	1
2025	1
2029	3
2041	2
2043	1
2046	37
2052	4
2053	3
2054	4
2055	1
2056	3
2057	1
2058	3
2059	3
2060	3
2061	3
2062	3
2063	1
2064	4
2065	1
2066	3
2067	3
2068	3
2069	1
2070	66
2071	1
2072	3
2073	15
2074	10
2075	1
2076	1
2077	1
2078	3
2079	1
2080	3
2081	3
2082	3
2083	3
2084	3
2085	1
2086	3
2087	3
2088	3
2089	1
2090	3
2091	3
2092	3
2093	3
2094	3
2095	3
2096	3
2097	9
2098	3
2099	3
2100	3
2101	3
2102	3
2103	3
2104	3
2105	3
2106	3
2107	9
2108	3
2109	3
2110	3
2111	3
2112	3
2113	3
2114	3
2115	3
2116	3
2117	3
2118	3
2119	3
2120	3
2121	3
2122	4
2123	16
2124	3
2125	3
2126	3
2127	3
2128	5
2129	3
2130	3
2131	3
2132	4
2133	3
2134	3
2135	3
2136	4
2137	3
2138	3
2139	3
2140	4
2141	3
2142	3
2143	3
2144	4
2145	3
2146	4
2147	3
2148	4
2149	3
2150	5
2151	3
2152	4
2153	3
2154	4
2155	3
2156	4
2157	3
2158	4
2159	3
2160	4
2161	3
2162	3
2163	1
2164	4
2165	1
2166	17
2167	1
2168	4
2169	1
2170	3
2171	1
2172	4
2173	1
2174	4
2175	1
2176	3
2177	1
2178	3
2179	1
2180	3
2181	1
2182	4
2183	3
2184	5
2185	3
2186	4
2187	3
2188	3
2189	1
2190	3
2191	3
2192	3
2193	1
2194	3
2195	3
2196	3
2197	3
2198	3
2199	1
2200	3
2201	1
2202	3
2203	3
2204	3
2205	1
2206	3
2207	3
2208	3
2209	1
2210	3
2211	3
2212	3
2213	1
2214	3
2215	3
2216	2
2217	1
2218	2
2219	2
2220	3
2221	1
2222	3
2223	3
2224	3
2225	1
2226	3
2227	3
2228	4
2229	1
2230	3
2231	1
2232	3
2233	3
2234	3
2235	1
2236	3
2237	3
2238	3
2239	1
2240	3
2241	3
2242	3
2243	3
2244	3
2245	3
2246	3
2247	1
2248	3
2249	3
2250	3
2251	3
2252	3
2253	1
2254	3
2255	1
2256	3
2257	3
2258	3
2259	1
2260	3
2261	1
2262	3
2263	3
2264	3
2265	1
2266	3
2267	3
2268	3
2269	1
2270	3
2271	3
2272	2
2273	1
2274	2
2275	2
2276	3
2277	3
2278	3
2279	1
2280	3
2281	3
2282	4
2283	1
2284	3
2285	1
2286	3
2287	3
2288	3
2289	3
2290	3
2291	1
2292	3
2293	3
2294	3
2295	1
2296	2
2297	1
2298	2
2299	2
2300	3
2301	3
2302	2
2303	1
2304	2
2305	2
2306	3
2307	1
2308	3
2309	3
2310	2
2311	1
2312	2
2313	2
2314	2
2315	2
2316	2
2317	1
2318	4
2319	1
2320	3
2321	1
2322	3
2323	3
2324	3
2325	3
2326	3
2327	1
2328	3
2329	3
2330	3
2331	1
2332	3
2333	1
2334	3
2335	3
2336	3
2337	3
2338	1
2339	3
2340	1
2341	3
2342	1
2343	3
2344	1
2345	3
2359	1
2360	1
2361	1
2362	1
2363	1
2382	1
2383	1
2384	1
2401	1
2421	1
2422	2
2476	3
2491	2
2644	3
2645	3
2646	3
2647	3
2648	4
2649	3
2650	3
2651	1
2652	1
2672	2
2673	2
2701	1
2703	1
2704	1
2708	1
2711	2
2712	2
2713	2
2714	2
2715	2
2716	2
2717	2
2718	2
2719	2
2720	2
2721	2
2722	2
2723	2
2724	2
2725	2
2726	2
2727	2
2728	2
2729	2
2730	2
2731	2
2732	2
2733	2
2734	2
2735	2
2736	2
2737	2
2738	2
2739	2
2740	2
2741	2
2742	2
2743	2
2744	2
2745	2
2746	2
2747	2
2748	2
2749	2
2750	2
2751	2
2752	2
2753	2
2754	2
2755	2
2756	2
2757	2
2758	2
2759	2
2760	2
2761	2
2762	2
2763	2
2764	2
2765	2
2766	2
2767	2
2768	2
2769	2
2770	2
2771	2
2772	2
2773	2
2774	2
2775	2
2776	2
2777	2
2778	2
2779	2
2780	2
2785	5
2789	2
2790	1
2791	2
2792	2
2793	2
2794	2
2795	1
2797	20
2798	20
2799	20
2800	20
2805	1
2806	1
2807	1
2808	1
2813	1
2928	3
2929	3
2930	3
2931	3
2932	3
2933	3
2934	7
2935	2
2936	1
2939	15
2940	15
2941	1
2942	8
2943	1
2944	1
2945	2
2951	8
2952	1
2953	1
2957	1
2971	1
2972	1
2973	1
2974	8
2978	10
2981	1
2982	1
2984	22
2988	2
2990	1
2993	1
2995	1
2997	1
3017	1
3018	1
3019	1
3020	1
3021	1
3022	1
3023	1
3024	1
3026	1
3027	1
3028	1
3029	1
3030	1
3031	1
3032	1
3033	1
3036	3
3037	112
3038	112
3039	3
3040	112
3041	2
3042	12
3043	10
3047	3
3051	2
3053	26
3054	40
3056	9
3067	9
3072	4
3073	1
3095	1
3096	1
3097	1
3098	1
3099	1
3100	1
3101	3
3102	1
3103	1
3104	1
3105	1
3106	1
3122	3
3123	3
3124	2
3125	2
3126	3
3127	2
3128	2
3129	2
3130	1
3131	1
3132	1
3133	1
3134	1
3135	1
3136	1
3137	1
3138	1
3139	1
3140	1
3141	1
3142	1
3143	1
3144	1
3145	1
3146	1
3147	1
3148	1
3149	1
3150	1
3151	1
3155	1
3156	1
3157	1
3158	1
3159	1
3160	1
3161	1
3162	1
3163	1
3164	1
3165	1
3166	1
3167	1
3168	1
3169	1
3170	1
3171	1
3172	1
3173	1
3174	1
3175	1
3176	1
3177	1
3178	1
3179	1
3181	1
3184	2
3185	2
3190	2
3193	2
3194	2
3216	17
3237	1
3243	1
3244	1
3245	1
3253	2
3254	2
3255	2
3256	2
3257	2
3258	2
3259	2
3260	2
3261	2
3262	2
3263	2
3264	2
3265	2
3266	2
3267	3
3268	3
3269	3
3279	1
3280	3
3281	2
3282	2
3283	2
3284	1
3285	1
3286	1
3287	1
3288	1
3289	1
3314	3
3315	1
3316	1
3317	1
3318	1
3319	1
3360	1
3372	13
3373	13
3375	13
3406	3
3412	1
3413	1
3414	1
3415	2
3416	1
3417	1
3418	2
3419	1
3420	1
3421	1
3422	1
3423	6
3424	1
3425	1
3426	13
3429	6
3433	6
3435	13
3462	14
3482	1
3483	1
3484	1
3485	1
3486	3
3487	3
3488	2
3489	2
3490	2
3491	2
3492	2
3493	2
3494	1
3495	1
3496	1
3497	1
3499	4
3500	4
3501	4
3502	4
3503	4
3504	4
3505	4
3506	4
3507	4
3508	4
3509	4
3510	4
3511	4
3512	4
3513	4
3514	4
3515	4
3516	4
3517	4
3518	4
3519	4
3520	4
3521	4
3522	4
3523	4
3524	4
3525	4
3526	4
3534	1
3535	3
3546	8
3548	1
3549	1
3550	1
3551	1
3552	1
3553	1
3554	1
3555	1
3556	3
3557	3
3558	3
3559	2
3560	2
3561	2
3562	1
3563	1
3564	1
3565	3
3566	2
3578	1
3579	1
3580	1
3581	1
3582	2
3583	2
3584	1
3585	3
3586	1
3587	1
3588	1
3589	1
3590	2
3591	1
3592	1
3593	2
3594	1
3595	1
3596	1
3597	1
3598	2
3599	2
3600	1
3601	1
3602	1
3603	1
3604	2
3605	5
3606	2
3607	1
3608	1
3609	1
3610	1
3611	2
3612	2
3613	2
3614	1
3615	1
3616	1
3617	1
3618	1
3619	1
3620	1
3621	1
3622	1
3623	1
3624	1
3625	1
3626	1
3627	1
3628	1
3629	1
3630	1
3631	1
3632	1
3633	1
3634	1
3635	1
3731	18
3748	2
3749	2
3750	2
3751	2
3752	2
3753	2
3754	2
3755	2
3756	2
3757	2
3758	1
3762	1
3763	1
3764	1
3765	1
3766	1
3767	1
3768	2
3769	1
3770	1
3771	1
3772	1
3773	1
3774	1
3775	2
3776	1
3777	1
3778	1
3779	1
3780	1
3781	1
3782	2
3783	1
3784	1
3785	1
3786	1
3787	1
3788	1
3789	2
3790	1
3791	1
3792	1
3793	1
3794	1
3795	1
3796	1
3797	1
3798	1
3812	1
3813	3
3814	3
3815	3
3826	1
3829	1
3830	1
3831	1
3832	1
3838	1
3839	1
3840	1
3841	3
3842	3
3843	1
3844	6
3845	1
3846	3
3847	1
3867	1
3870	1
3877	1
3881	2
3883	3
3887	1
3890	1
3891	1
3894	1
3895	1
3896	1
3897	1
3904	1
3912	2
3915	2
3920	1
3921	2
3923	1
3925	3
3931	8
3943	1
3947	5
3948	3
3949	1
3966	1
3968	1
3977	1
3978	1
3979	1
3980	1
3981	1
3982	1
3983	1
3984	1
3985	1
3986	23
3996	1
3997	1
3998	3
3999	1
4012	1
4013	1
4015	1
4016	1
4023	1
4025	1
4029	1
4030	1
4031	1
4032	1
4033	1
4034	1
4035	1
4036	1
4037	1
4038	1
4039	1
4040	1
4047	1
4048	1
4049	1
4050	1
4051	1
4052	1
4053	1
4054	1
4055	1
4056	1
4057	1
4058	1
4063	1
4064	2
4065	1
4066	2
4079	1
4080	1
4081	7
4099	1
4103	1
4104	1
4105	1
4111	1
4116	1
4143	1
4145	1
4146	1
4147	1
4148	1
4150	5
4151	1
4152	1
4153	1
4154	1
4156	1
4157	1
4158	1
4159	1
4161	1
4162	1
4163	1
4164	1
4166	1
4167	1
4168	1
4176	2
4177	1
4178	1
4179	1
4180	1
4200	1
4207	2
4214	1
4218	1
4219	1
4220	1
4224	1
4228	2
4238	7
4239	6
4240	6
4241	12
4242	6
4243	12
4244	6
4245	12
4251	2
4252	2
4253	2
4254	1
4255	1
4265	1
4277	1
4282	9
4283	7
4290	3
4291	3
4292	3
4294	4
4297	3
4299	3
4300	3
4302	4
4305	3
4306	4
4308	11
4310	4
4311	3
4312	3
4314	1
4316	3
4319	3
4320	1
4321	3
4322	4
4325	3
4326	3
4329	3
4337	3
4342	3
4345	3
4346	3
4391	3
4392	3
4393	3
4394	3
4396	3
4397	3
4398	3
4399	3
4400	3
4401	3
4402	3
4403	3
4404	3
4405	3
4406	3
4407	3
4408	3
4409	3
4410	3
4411	3
4412	3
4413	3
4414	3
4415	3
4416	3
4417	3
4418	3
4419	3
4420	3
4421	4
4422	3
4423	4
4424	3
4425	4
4426	3
4427	3
4428	3
4429	3
4430	3
4431	3
4432	3
4433	4
4434	4
4435	3
4436	3
4437	3
4438	3
4439	4
4440	3
4441	4
4442	3
4443	5
4444	3
4445	3
4446	3
4447	4
4448	3
4449	4
4450	3
4451	7
4452	3
4453	5
4454	3
4455	5
4456	3
4457	6
4458	3
4459	3
4460	3
4461	3
4462	3
4463	3
4464	3
4465	3
4466	3
4467	3
4468	3
4469	3
4470	3
4471	3
4472	3
4473	3
4475	5
4477	5
4479	4
4481	4
4483	3
4485	5
4487	3
4489	3
4491	3
4494	3
4496	3
4498	3
4499	3
4503	3
4506	3
4507	3
4510	3
4512	3
4513	3
4515	3
4518	3
4519	3
4522	3
4523	3
4526	3
4527	3
4530	3
4535	3
4537	3
4539	3
4542	3
4543	3
4545	3
4548	3
4549	3
4552	3
4553	3
4556	3
4558	3
4560	3
4561	3
4564	3
4566	3
4567	3
4569	3
4572	3
4573	3
4575	3
4578	3
4579	3
4582	3
4583	3
4586	3
4592	3
4593	3
4596	3
4597	3
4599	3
4602	3
4604	3
4605	3
4608	3
4609	3
4616	3
4621	3
4624	3
4633	3
4635	3
4638	3
4640	3
4641	3
4643	3
4644	3
4645	3
4650	3
4651	3
4652	3
4717	1
4718	1
4719	1
4720	1
4721	3
4724	3
4725	9
4729	1
4954	2
4956	1
4957	1
4989	1
4990	1
4991	1
4994	1
4998	1
4999	1
5000	1
5010	1
5012	1
5013	1
5014	1
5015	1
5016	1
5017	1
5018	2
5019	1
5020	1
5021	1
5022	1
5032	3
5075	1
5076	1
5077	1
5078	1
5079	1
5080	1
5081	1
5082	3
5091	1
5092	1
5093	1
5094	1
5095	1
5096	1
5097	1
5099	1
5100	1
5101	1
5102	1
5103	1
5104	1
5105	1
5160	2
5161	1
5162	2
5163	1
5164	1
5165	1
5166	4
5168	1
5169	1
5171	1
5172	1
5173	1
5175	9
5176	3
5177	3
5178	3
5179	1
5180	1
5181	1
5183	3
5337	1
5338	3
5339	1
5340	1
5341	1
5342	1
5343	1
5344	1
5345	1
5346	1
5347	1
5348	3
5349	1
5350	1
5351	1
5352	1
5353	1
5354	1
5355	1
5356	3
5357	1
5358	1
5359	1
5360	1
5361	8
5362	1
5363	1
5364	1
5365	1
5366	1
5367	1
5368	3
5369	1
5371	1
5372	1
5373	1
5374	1
5375	1
5376	1
5377	1
5378	3
5379	1
5380	1
5381	1
5382	1
5383	1
5384	1
5385	1
5386	3
5387	1
5388	1
5389	1
5390	1
5391	1
5392	1
5393	1
5394	3
5395	1
5396	1
5397	1
5398	1
5399	1
5400	1
5401	1
5402	11
5403	1
5404	1
5405	1
5406	1
5407	1
5408	1
5409	1
5411	1
5412	1
5413	1
5414	1
5415	1
5416	1
5417	1
5418	3
5419	1
5420	1
5421	1
5422	1
5423	1
5424	1
5425	1
5426	3
5452	1
5453	1
5454	1
5455	1
5456	1
5457	1
5458	1
5459	1
5460	1
5461	1
5462	1
5463	1
5464	1
5465	1
5466	1
5467	1
5468	1
5469	1
5470	1
5471	1
5472	1
5473	1
5474	1
5475	1
5476	1
5524	3
5533	1
5534	1
5546	1
5547	1
5548	1
5549	1
5550	1
5551	7
5582	8
5762	1
5763	1
5764	1
5765	1
5766	1
5767	1
5768	1
5769	1
5770	3
5771	1
5772	1
5773	1
5774	1
5775	1
5776	1
5777	1
5779	1
5780	1
5781	1
5782	1
5783	1
5784	1
5785	1
5786	3
5787	1
5788	1
5789	1
5790	1
5791	1
5792	1
5793	1
5794	3
5795	1
5796	1
5797	1
5798	1
5799	1
5800	1
5801	1
5803	1
5804	1
5805	1
5806	1
5807	1
5808	1
5809	1
5810	3
5811	1
5812	1
5813	1
5814	1
5815	1
5816	1
5817	1
5818	3
5819	1
5820	1
5821	1
5822	1
5823	1
5824	1
5825	1
5827	1
5828	1
5829	1
5830	1
5831	1
5832	1
5833	1
5834	3
5835	1
5836	1
5837	1
5838	1
5839	1
5840	1
5841	1
5842	3
5843	1
5844	1
5845	1
5846	1
5847	1
5848	1
5849	1
5851	1
5852	1
5853	1
5854	1
5855	1
5856	1
5857	1
5858	3
5859	1
5860	1
5861	1
5862	1
5863	1
5864	1
5865	1
5866	3
5867	1
5868	1
5869	1
5870	1
5871	1
5872	1
5873	1
5875	1
5876	1
5877	1
5878	1
5879	1
5880	1
5881	1
5882	3
5966	1
5972	3
5973	1
5980	1
5982	1
5983	1
5984	1
5985	1
5986	1
5987	1
5988	1
5989	3
5990	1
5991	1
5992	1
5993	1
5994	1
5995	1
5996	1
5998	3
5999	1
6000	1
6001	1
6002	1
6003	1
6004	1
6005	1
6006	3
6007	1
6008	1
6009	1
6010	1
6011	1
6012	1
6013	1
6014	3
6015	1
6016	1
6017	1
6018	1
6019	1
6020	1
6021	1
6022	3
6024	1
6025	1
6026	1
6027	1
6028	1
6029	1
6030	1
6031	3
6032	2
6033	1
6034	20
6108	1
6109	1
6110	1
6111	1
6112	1
6113	1
6114	1
6116	1
6117	1
6118	1
6119	1
6120	1
6121	1
6122	1
6123	3
6129	1
6130	1
6131	1
6132	1
6133	1
6134	1
6135	1
6136	3
6146	1
6148	3
6149	2
6150	1
6152	1
6155	2
6164	3
6165	3
6166	1
6167	1
6168	3
6169	2
6183	1
6184	1
6185	1
6187	1
6188	1
6193	1
6198	1
6199	1
6320	2
8185	1
